kmer,id
AAAAACGAACC,0
AAAAAGGTTTG,1
AAAAAGTTATC,2
AAAAATAGCAC,3
AAAAATTATCA,4
AAAACGAACCC,5
AAAACTAGCAC,6
AAAACTGCATA,7
AAAAGGTTTGA,8
AAAAGTAGCAC,9
AAAAGTGCTAA,10
AAAAGTGCTAG,11
AAAAGTTATCA,12
AAAATAGCACT,13
AAAATTAAACA,14
AAAATTAGAAC,15
AAAATTAGCAC,16
AAAATTATCAA,17
AAAATTATCGA,18
AAAATTATTGA,19
AAAATTGCATA,20
AAACAAACTTC,21
AAACAGTAGGC,22
AAACAGTAGGT,23
AAACCTTTTTA,24
AAACGAACCCT,25
AAACTAGCACT,26
AAACTGAACAC,27
AAACTGAACGC,28
AAACTGAGCGC,29
AAACTGCATAT,30
AAACTTCACAT,31
AAAGAACTTTC,32
AAAGATTTAAG,33
AAAGCACAGCG,34
AAAGCACGGCA,35
AAAGCACGGCG,36
AAAGCACGTCG,37
AAAGCCTGTAT,38
AAAGCTGATAA,39
AAAGCTTGTAT,40
AAAGGTTTGAT,41
AAAGTACTAAC,42
AAAGTAGCACT,43
AAAGTCTATCA,44
AAAGTGCTAAA,45
AAAGTGCTAAC,46
AAAGTGCTAAT,47
AAAGTGCTACT,48
AAAGTGCTAGT,49
AAAGTGCTATT,50
AAAGTTATCAA,51
AAAGTTATCAG,52
AAAGTTCGTAA,53
AAAGTTCTTTA,54
AAAGTTGATAA,55
AAATAGCACTT,56
AAATATATATA,57
AAATATATATG,58
AAATATGAAGT,59
AAATCAAAGAT,60
AAATCACGTTG,61
AAATCCAGTTG,62
AAATCCCGCTG,63
AAATCCCGTTG,64
AAATCCTGTTG,65
AAATCTTTGAT,66
AAATGGTGGAG,67
AAATTAAACAG,68
AAATTAGATGT,69
AAATTAGCACT,70
AAATTATCAAA,71
AAATTATCAAG,72
AAATTATCGAA,73
AAATTATTGAA,74
AAATTCCGTTG,75
AAATTCTGTTG,76
AAATTGCATAT,77
AAATTTAAGCT,78
AAATTTATACA,79
AACAAACAAAC,80
AACAAACTTCA,81
AACAAATAAAT,82
AACAACCTTCG,83
AACACACAAAG,84
AACACACAGCG,85
AACACATGTGA,86
AACAGAATAAA,87
AACAGAATTTA,88
AACAGGATAAA,89
AACAGGATTTA,90
AACAGTAGGCA,91
AACAGTAGGTA,92
AACCCTCAAAA,93
AACCTTCGTAT,94
AACCTTTTTAA,95
AACGAACAACC,96
AACGAACCCTC,97
AACGAATAAAT,98
AACGCACAAAG,99
AACGCACAACG,100
AACGCACAGCG,101
AACGCACCACG,102
AACGCACGGCG,103
AACGCATGTGA,104
AACGCCAACGA,105
AACGGAATAAA,106
AACGGAATAAT,107
AACGGAATTTA,108
AACGGATAAAT,109
AACGGGATTTA,110
AACGTGATTTA,111
AACTAGCACTT,112
AACTCCTGACC,113
AACTGAACACA,114
AACTGAACGCA,115
AACTGAGCGCA,116
AACTGAGCTAC,117
AACTGCATATA,118
AACTGGATTTA,119
AACTTCAATAA,120
AACTTCACATG,121
AACTTCATATT,122
AACTTCGATAA,123
AACTTGATAAT,124
AACTTTATATA,125
AACTTTCAAAA,126
AACTTTCTAAA,127
AACTTTTAAAA,128
AACTTTTTAAA,129
AAGAACTTTCA,130
AAGAGGCTACT,131
AAGAGTATATT,132
AAGATTATTCC,133
AAGATTTAAGT,134
AAGCAACAGAA,135
AAGCAACAGGA,136
AAGCAACGGAA,137
AAGCAACGGGA,138
AAGCAACGTGA,139
AAGCAACTGGA,140
AAGCAAGGGGT,141
AAGCACAGCGC,142
AAGCACGGCAC,143
AAGCACGGCGC,144
AAGCACGTCGC,145
AAGCCTGTATA,146
AAGCTATAAGT,147
AAGCTATCAAC,148
AAGCTGATAAC,149
AAGCTTGTATA,150
AAGCTTTGTGC,151
AAGCTTTGTGT,152
AAGGAGAATTA,153
AAGGAGAATTG,154
AAGGCAAGTGC,155
AAGGGGTCAGG,156
AAGGTTGTTCG,157
AAGGTTTGATA,158
AAGTAAATCAA,159
AAGTAACGGAA,160
AAGTAATATAC,161
AAGTACTAACG,162
AAGTAGCACTT,163
AAGTCTATCAA,164
AAGTGCATTGT,165
AAGTGCTAAAA,166
AAGTGCTAAAG,167
AAGTGCTAACA,168
AAGTGCTAACG,169
AAGTGCTAATG,170
AAGTGCTAATT,171
AAGTGCTCTCC,172
AAGTTATCAAC,173
AAGTTATCAGC,174
AAGTTCATAAA,175
AAGTTCGTAAA,176
AAGTTCTTTAC,177
AAGTTCTTTAT,178
AAGTTGATAAC,179
AAGTTGATAGA,180
AAGTTGATAGC,181
AAGTTTGTTTG,182
AATAAACTGAA,183
AATAAACTGAG,184
AATAAATCCCG,185
AATAAATCCTG,186
AATAAATTCCG,187
AATAAATTCTG,188
AATAATCTGAG,189
AATAATCTTAG,190
AATAATTTTAA,191
AATACGAAGGT,192
AATACTCAAAA,193
AATATAAAGCT,194
AATATACAAAG,195
AATATATAAAG,196
AATATATATAT,197
AATATATATGC,198
AATCAAAGATT,199
AATCACGTTGC,200
AATCCAGTTGC,201
AATCCCGCTGC,202
AATCCCGTTGC,203
AATCCTGTTGC,204
AATCTATCAAA,205
AATCTGAGTGA,206
AATCTTAGTGA,207
AATGCACAGCG,208
AATGCACCACG,209
AATGCACTTAT,210
AATGCTCAAAA,211
AATGGTGGAGA,212
AATTAAACAGT,213
AATTACCTACT,214
AATTAGATGTC,215
AATTATCAAGT,216
AATTATCGAAG,217
AATTATTGAAG,218
AATTCACAGCG,219
AATTCCGTTGC,220
AATTCTGTTGC,221
AATTGCATATA,222
AATTGCCTACT,223
AATTTAAGCTA,224
AATTTATACAA,225
AATTTATACAG,226
AATTTATTCGT,227
AATTTGTAATA,228
AATTTTAAAAA,229
AATTTTAAAAG,230
AATTTTAGAAA,231
AATTTTCAAAG,232
AATTTTGAAAG,233
AATTTTGAGCA,234
AATTTTGAGGG,235
AATTTTGAGTA,236
AATTTTTAAAA,237
ACAAACAAACT,238
ACAAACTTCAC,239
ACAAAGCCTGT,240
ACAAAGCTGAT,241
ACAAAGCTTGT,242
ACAAATTAGAT,243
ACAACCTTCGT,244
ACAACGCCAAC,245
ACACACAAAGC,246
ACACACAGCGC,247
ACACAGCGCCA,248
ACACATGTGAA,249
ACACCCCCAAA,250
ACACCCCCATA,251
ACAGAATAAAC,252
ACAGAATTTAT,253
ACAGCGCCAAC,254
ACAGGATAAAC,255
ACAGGATTTAT,256
ACAGTAGGCAA,257
ACAGTAGGTAA,258
ACATGCGCTCA,259
ACATGCGTTCA,260
ACATGTGAAGT,261
ACATGTGTTCA,262
ACCAACGAATA,263
ACCACGTCAAC,264
ACCATTTAAGA,265
ACCCCCAAATA,266
ACCCCCATATA,267
ACCCTCAAAAT,268
ACCTTTTTAAC,269
ACCTTTTTAAT,270
ACGAACAACCT,271
ACGAACCCTCA,272
ACGAACTTTAT,273
ACGAATAAATC,274
ACGAATACTCA,275
ACGAATGCTCA,276
ACGCACAAAGC,277
ACGCACAACGC,278
ACGCACAGCGC,279
ACGCACCACGT,280
ACGCACGGCGC,281
ACGCATGTGAA,282
ACGCCAACGAA,283
ACGGAATAAAC,284
ACGGAATAATC,285
ACGGAATTTAT,286
ACGGATAAATC,287
ACGGCACCAAC,288
ACGGCGCCAAC,289
ACGGCGCTAAC,290
ACGGGATTTAT,291
ACGTCAACGAA,292
ACGTCGCCAAC,293
ACGTGATTTAT,294
ACGTGCTTTAG,295
ACGTGGTGCAT,296
ACGTTGCTTAA,297
ACTAAATATAT,298
ACTAACGCACC,299
ACTAAGATTAT,300
ACTAAGTAAAT,301
ACTCAAAAATA,302
ACTCAAAACTA,303
ACTCAAAAGTA,304
ACTCAAAATTA,305
ACTCAGATTAT,306
ACTCCTGACCC,307
ACTCTCCTCAT,308
ACTCTTAAATG,309
ACTGAACACAT,310
ACTGAACGCAT,311
ACTGAGCGCAT,312
ACTGAGCTACA,313
ACTGCATATAT,314
ACTGGATTTAT,315
ACTTAAAGTGC,316
ACTTAGTAGCC,317
ACTTCAATAAT,318
ACTTCACATGC,319
ACTTCGATAAT,320
ACTTGCCTTGC,321
ACTTTAAGCAA,322
ACTTTAAGCAG,323
ACTTTAAGTAA,324
ACTTTAATCTA,325
ACTTTATATAT,326
ACTTTCAAAAT,327
ACTTTCTAAAA,328
ACTTTGAAAAC,329
ACTTTGAAAAT,330
ACTTTTAAAAA,331
ACTTTTAAAAT,332
ACTTTTAAGCA,333
ACTTTTAGCAA,334
ACTTTTAGCAC,335
ACTTTTGAGTA,336
ACTTTTTAAAA,337
AGAAAGTTATC,338
AGAACTTTCAA,339
AGAAGCTATCA,340
AGAATAAACTG,341
AGAATTACCTA,342
AGAATTGCCTA,343
AGAATTTATTC,344
AGACTTTAATC,345
AGAGCACTTGC,346
AGAGGCTACTA,347
AGAGTATATTA,348
AGAGTCGAACT,349
AGATGAGGAGA,350
AGATGTCATAT,351
AGATTAAAGTC,352
AGATTAGAAGC,353
AGATTATTCCG,354
AGATTTAAGTA,355
AGCAACAGAAT,356
AGCAACAGGAT,357
AGCAACGGAAT,358
AGCAACGGGAT,359
AGCAACGTGAT,360
AGCAACTGGAT,361
AGCAAGGGGTC,362
AGCACAGCGCC,363
AGCACGGCACC,364
AGCACGGCGCC,365
AGCACGGCGCT,366
AGCACGTCGCC,367
AGCACTTGCCT,368
AGCACTTTAAG,369
AGCACTTTGAA,370
AGCACTTTTAA,371
AGCACTTTTAG,372
AGCAGCGGGAT,373
AGCATTCGTAA,374
AGCCTCTTACA,375
AGCCTGTATAA,376
AGCGCATGTGA,377
AGCGCCAACAA,378
AGCGCCAACGA,379
AGCGCCAACGG,380
AGCGGGATTTA,381
AGCTACACCCC,382
AGCTATAAGTG,383
AGCTATCAACT,384
AGCTCAGTTGG,385
AGCTGATAACT,386
AGCTTCTAATC,387
AGCTTGTATAA,388
AGCTTTATATA,389
AGCTTTGTATA,390
AGCTTTGTGCG,391
AGCTTTGTGTG,392
AGGAGAATTAC,393
AGGAGAATTGC,394
AGGAGAGTCGA,395
AGGAGTTCGAC,396
AGGATAAACTG,397
AGGCAATTCTC,398
AGGCTACTAAG,399
AGGCTTTGTGC,400
AGGGGTCAGGA,401
AGGTAATTCTC,402
AGGTTTGATAG,403
AGTAAATCAAA,404
AGTAACGGAAT,405
AGTAATATACT,406
AGTACTAACGC,407
AGTACTTTAAG,408
AGTATTCGTAA,409
AGTCGAACTCC,410
AGTCTATCAAC,411
AGTGAATACGA,412
AGTGATATGAC,413
AGTGCATTGTA,414
AGTGCTAAAAG,415
AGTGCTAAAGC,416
AGTGCTAACAC,417
AGTGCTAACGC,418
AGTGCTAATGC,419
AGTGCTAATTC,420
AGTGCTCTCCC,421
AGTTATCAACT,422
AGTTCATAAAG,423
AGTTCGTAAAG,424
AGTTCTTTACG,425
AGTTCTTTATG,426
AGTTGATAGAC,427
AGTTGCTTAAA,428
AGTTGGGAGAG,429
AGTTTATCCTG,430
AGTTTATTCCG,431
AGTTTATTCTG,432
AGTTTTCAAAG,433
AGTTTTGAGTA,434
ATAAACTGAAC,435
ATAAACTGAGC,436
ATAAAGCTGAT,437
ATAAAGTTGAT,438
ATAAATCCCGC,439
ATAAATTTAAG,440
ATAACTTTCTA,441
ATAACTTTTAA,442
ATAACTTTTTA,443
ATAATTTTAAA,444
ATAATTTTAGA,445
ATAATTTTTAA,446
ATACAAAGCTG,447
ATACTCAAAAA,448
ATACTCAAAAC,449
ATACTCAAAAG,450
ATACTCAAAAT,451
ATACTCTTAAA,452
ATAGACTTTAA,453
ATAGATTAAAG,454
ATAGATTAGAA,455
ATAGCACTTTA,456
ATAGCTTAAAT,457
ATAGCTTCTAA,458
ATATAAAGCTG,459
ATATAAAGTTC,460
ATATAAAGTTG,461
ATATACAAAGC,462
ATATACTCTTA,463
ATATATAAAGC,464
ATATATATATG,465
ATATATATGCA,466
ATATATATTTA,467
ATATATGCAAT,468
ATATATGGGGG,469
ATATATTACAA,470
ATATCACTAAA,471
ATATGAAGTTC,472
ATATGGGGGTG,473
ATATTACAAAT,474
ATATTACTTAA,475
ATATTTAGTGA,476
ATATTTGGGGG,477
ATCAACTTCAA,478
ATCAACTTCGA,479
ATCAACTTGAT,480
ATCACTAAATA,481
ATCCGTTGGCG,482
ATCGAAGTTGA,483
ATCTATCAAAC,484
ATCTCCACCAT,485
ATCTGAGTGAA,486
ATCTTAGTGAA,487
ATGAACTTCAT,488
ATGACATCTAA,489
ATGCAATTTTC,490
ATGCACAGCGC,491
ATGCACTTATA,492
ATGCAGTTTTC,493
ATGCTCAAAAT,494
ATGGGGGTGTA,495
ATGTCATATCA,496
ATTAAACAGTA,497
ATTAAAGTCTA,498
ATTACAAATTA,499
ATTACCTACTG,500
ATTACTTAAAT,501
ATTAGAAGCTA,502
ATTAGATGTCA,503
ATTCACAGCGC,504
ATTCACTAAGA,505
ATTCACTCAGA,506
ATTCGTAAAAA,507
ATTCGTTAGCG,508
ATTCGTTGGCG,509
ATTCGTTGGTG,510
ATTGAAGTTGA,511
ATTGCCTACTG,512
ATTGTAAGAGG,513
ATTTAAGAGTA,514
ATTTAGTGATA,515
ATTTATACAAG,516
ATTTATACAGG,517
ATTTGGGGGTG,518
ATTTGTTGGCG,519
ATTTTAAAAAG,520
ATTTTAGAAAG,521
ATTTTTAAAAG,522
ATTTTTGAGTA,523
CAAAAATAGCA,524
CAAAACTAGCA,525
CAAAAGTAGCA,526
CAAAATTAAAC,527
CAAAATTAGAA,528
CAAAATTAGCA,529
CAAACTTCACA,530
CAAAGATTTAA,531
CAAAGCCTGTA,532
CAAAGCTGATA,533
CAAAGCTTGTA,534
CAAAGTGCTAA,535
CAAATATGAAG,536
CAAATTAGATG,537
CAACAAACAAA,538
CAACAAATAAA,539
CAACAGAATAA,540
CAACAGGATAA,541
CAACCTTCGTA,542
CAACGAACAAC,543
CAACGAATAAA,544
CAACGCCAACG,545
CAACGGAATAA,546
CAACGGATAAA,547
CAACTGAGCTA,548
CAACTTCAATA,549
CAACTTCGATA,550
CAACTTGATAA,551
CAAGCAAGGGG,552
CAAGCTTTGTG,553
CAAGGCAAGTG,554
CAAGGGGTCAG,555
CAAGTGCTCTC,556
CAAGTTGATAG,557
CAATAATTTTA,558
CAATGCACTTA,559
CAATTTTCAAA,560
CACAAAGCCTG,561
CACAACGCCAA,562
CACACAGCGCC,563
CACAGCGCCAA,564
CACATGCGCTC,565
CACATGCGTTC,566
CACATGTGAAG,567
CACATGTGTTC,568
CACCACGTCAA,569
CACCATTTAAG,570
CACGGCACCAA,571
CACGGCGCCAA,572
CACGGCGCTAA,573
CACGTCAACGA,574
CACGTCGCCAA,575
CACGTTGCTTA,576
CACTAAATATA,577
CACTAAGATTA,578
CACTCAGATTA,579
CACTTTAAGCA,580
CACTTTAAGTA,581
CACTTTGAAAA,582
CACTTTTAAGC,583
CACTTTTAGCA,584
CAGATTATTCC,585
CAGCGCCAACA,586
CAGCGCCAACG,587
CAGGAGTTCGA,588
CAGTTGCTTAA,589
CAGTTGGGAGA,590
CAGTTTATTCC,591
CAGTTTTCAAA,592
CATATATAAAG,593
CATATCACTAA,594
CATATTTGGGG,595
CATCTCCACCA,596
CATGCGCTCAG,597
CATGCGTTCAG,598
CATGTGTTCAG,599
CATTCGTAAAA,600
CATTGTAAGAG,601
CCAAATATGAA,602
CCAACAAACAA,603
CCAACAAATAA,604
CCAACGAATAA,605
CCAACGGATAA,606
CCACCATTTAA,607
CCACGTCAACG,608
CCAGTTGCTTA,609
CCATATATAAA,610
CCATTTAAGAG,611
CCCAAATATGA,612
CCCAACTGAGC,613
CCCATATATAA,614
CCCCATATATA,615
CCCGTTGCTAA,616
CCCGTTGCTTA,617
CCCTTGCTTGC,618
CCGTGCGTTAG,619
CCGTGCTTTAG,620
CCGTTACTTAA,621
CCGTTGCTAAA,622
CCGTTGCTTAA,623
CCGTTGGCGAC,624
CCGTTGGCGCC,625
CCTACTGTTTA,626
CCTCAAAATTA,627
CCTCATCTCCA,628
CCTGTTGCTAA,629
CCTGTTGCTTA,630
CCTTCGTATTC,631
CCTTGCAAGCA,632
CCTTGCTTGCA,633
CGAACCCTCAA,634
CGAACTCCTGA,635
CGAACTTTATA,636
CGAAGTTGATA,637
CGAATAAATCC,638
CGAATAAATTC,639
CGAATACTCAA,640
CGAATGCTCAA,641
CGACTCTCCTC,642
CGATAATTTTA,643
CGCACAAAGCC,644
CGCACAACGCC,645
CGCACAGCGCC,646
CGCACCACGTC,647
CGCACGGCGCC,648
CGCATGTGAAG,649
CGCCAACAAAC,650
CGCTCAGTTTA,651
CGGATAAATCA,652
CGGATAAATCC,653
CGGCACCAACG,654
CGGCGCCAACA,655
CGGCGCCAACG,656
CGGCGCTAACG,657
CGGGATTTATC,658
CGTAAAAACGA,659
CGTATTCACTA,660
CGTATTCACTC,661
CGTCAACGAAC,662
CGTCGCCAACA,663
CGTCGCCAACG,664
CGTGATTTATC,665
CGTGCGTTAGC,666
CGTGCTTTAGC,667
CGTTACTTAAA,668
CGTTCAGTTTA,669
CGTTGCTAAAA,670
CGTTGCTTAAA,671
CGTTTTTACGA,672
CTAAAATTATC,673
CTAAAGCACAG,674
CTAAATATATA,675
CTAACACACAA,676
CTAACACACAG,677
CTAACGAATAA,678
CTAACGCACAA,679
CTAACGCACAG,680
CTAACGCACCA,681
CTAAGTAAATC,682
CTAATCTATCA,683
CTAATGCACAG,684
CTAATGCACCA,685
CTAATTCACAG,686
CTAATTTGTAA,687
CTAATTTTGAG,688
CTACACCCCCA,689
CTACTAAGTAA,690
CTACTGTTTAA,691
CTACTTTTGAG,692
CTAGCACTTTA,693
CTAGTTTTGAG,694
CTATAAGTGCA,695
CTATCAACTTC,696
CTATTTTTGAG,697
CTCAAAATTAA,698
CTCAGTTGGGA,699
CTCATCTCCAC,700
CTCCCAACTGA,701
CTCCTCATCTC,702
CTCCTGACCCC,703
CTCTCCTCATC,704
CTGAGCTACAC,705
CTGAGTGAATA,706
CTGCATATATA,707
CTGGATTTATC,708
CTGTTGCTAAA,709
CTGTTGCTTAA,710
CTTAAAAGTGC,711
CTTACAATGCA,712
CTTAGTGAATA,713
CTTATAGCTTA,714
CTTCGTATTCA,715
CTTCTAATCTA,716
CTTGCAAGCAA,717
CTTGCAAGGCA,718
CTTGCCTTGCA,719
CTTGCTTGCAA,720
CTTTAAGCAAC,721
CTTTAAGCAGC,722
CTTTAAGTAAC,723
CTTTATATTAC,724
CTTTGATTTAC,725
CTTTTAAGCAA,726
CTTTTAGCAAC,727
GAAAGTTATCA,728
GAACAACCTTC,729
GAACCCTCAAA,730
GAACTCCTGAC,731
GAACTTTCAAA,732
GAAGCTATCAA,733
GAAGTTCATAA,734
GAATAAACTGA,735
GAATAAATCCC,736
GAATAAATTCC,737
GAATAATCTGA,738
GAATAATCTTA,739
GAATACTCAAA,740
GAATGCTCAAA,741
GAATTACCTAC,742
GAATTGCCTAC,743
GACGTGCTTTA,744
GACGTGGTGCA,745
GACTCTCCTCA,746
GAGAGTCGAAC,747
GAGCACTTGCC,748
GAGCATTCGTA,749
GAGCTACACCC,750
GAGGCTACTAA,751
GAGTATATTAC,752
GAGTATTCGTA,753
GAGTCGAACTC,754
GATAAACTGAA,755
GATAACTTTTA,756
GATAATTTTAA,757
GATAATTTTTA,758
GATAGACTTTA,759
GATAGATTAAA,760
GATAGATTAGA,761
GATAGCTTCTA,762
GATATGACATC,763
GATTTAAGTAA,764
GCAACAGAATA,765
GCAACAGGATA,766
GCAACGGAATA,767
GCAAGGGGTCA,768
GCAATTTTCAA,769
GCACAACGCCA,770
GCACAGCGCCA,771
GCACCAACGAA,772
GCACCACGTCA,773
GCACGGCACCA,774
GCACGGCGCCA,775
GCACGGCGCTA,776
GCACGTCGCCA,777
GCACTTATAGC,778
GCACTTTAAGC,779
GCACTTTGAAA,780
GCACTTTTAGC,781
GCAGTTTTCAA,782
GCATATATATA,783
GCATTCGTAAA,784
GCATTGTAAGA,785
GCCAACAAACA,786
GCCAACAAATA,787
GCCAACGAATA,788
GCCAACGGATA,789
GCCGTGCGTTA,790
GCCGTGCTTTA,791
GCCTCTTACAA,792
GCCTGTATAAA,793
GCCTTGCAAGC,794
GCGCATGTGAA,795
GCGCCAACAAA,796
GCGCCAACGAA,797
GCGCCAACGGA,798
GCGCTAACGAA,799
GCTAAAGCACA,800
GCTAACACACA,801
GCTAACGAATA,802
GCTAACGCACA,803
GCTAACGCACC,804
GCTAATGCACA,805
GCTAATGCACC,806
GCTAATTCACA,807
GCTAATTTTGA,808
GCTACACCCCC,809
GCTACTAAGTA,810
GCTACTTTTGA,811
GCTAGTTTTGA,812
GCTATTTTTGA,813
GCTCAAAATTA,814
GCTCTCCCAAC,815
GCTGTGAATTA,816
GCTGTGCATTA,817
GCTGTGCGTTA,818
GCTGTGCTTTA,819
GCTGTGTGTTA,820
GCTTAAAGTAC,821
GCTTAAATTTA,822
GCTTGTATAAA,823
GCTTTATATTA,824
GGAGAATTACC,825
GGAGAATTGCC,826
GGAGAGTCGAA,827
GGAGATGAGGA,828
GGATAAACTGA,829
GGATAAATCAC,830
GGATAAATCCA,831
GGATAAATCCC,832
GGCACCAACGA,833
GGCGCCAACAA,834
GGCGCCAACGA,835
GGCGCTAACGA,836
GGCGCTGTGAA,837
GGCGCTGTGCA,838
GGTGGAGATGA,839
GGTGTAGCTCA,840
GGTTTGATAGA,841
GTAAAAACGAA,842
GTAACGGAATA,843
GTAAGAGGCTA,844
GTAATATACAA,845
GTAATATATAA,846
GTACTAACGCA,847
GTAGCACTTTA,848
GTAGCCTCTTA,849
GTATAAATTTA,850
GTATATTACAA,851
GTATTCACTAA,852
GTATTCACTCA,853
GTATTCGTAAA,854
GTCAACGAACA,855
GTCGCCAACAA,856
GTCGCCAACGA,857
GTGAATACGAA,858
GTGAATTAGCA,859
GTGATATGACA,860
GTGCATTAGCA,861
GTGCATTGTAA,862
GTGCGTTAGCA,863
GTGCGTTAGTA,864
GTGCTAAAGCA,865
GTGCTAACACA,866
GTGCTAACGCA,867
GTGCTAATGCA,868
GTGCTAATTCA,869
GTGCTCTCCCA,870
GTGCTTTAGCA,871
GTGGTGCATTA,872
GTGGTGCGTTA,873
GTGTGTTAGCA,874
GTTCATAAAGA,875
GTTCGTAAAGA,876
GTTCGTTTTTA,877
GTTCTTTACGA,878
GTTCTTTATGA,879
GTTGCTTAAAA,880
GTTGTGCGTTA,881
GTTTTTACGAA,882
TAAAAGTGCTA,883
TAAAATTATCA,884
TAAACTGAACA,885
TAAAGCTGATA,886
TAAAGTACTAA,887
TAAAGTGCTAA,888
TAAAGTTCGTA,889
TAAAGTTGATA,890
TAAATCAAAGA,891
TAAATCTTTGA,892
TAAATGGTGGA,893
TAACACACAAA,894
TAACGAATAAA,895
TAACGCACAAA,896
TAACGGAATAA,897
TAACTTTCTAA,898
TAACTTTTAAA,899
TAACTTTTTAA,900
TAAGCAACAGA,901
TAAGCAACGGA,902
TAAGTAAATCA,903
TAAGTAACGGA,904
TAAGTAATATA,905
TAATATACAAA,906
TAATATATAAA,907
TAATCTATCAA,908
TAATTTTAAAA,909
TAATTTTAGAA,910
TAATTTTGAAA,911
TAATTTTTAAA,912
TACAAAGCTGA,913
TACAAATTAGA,914
TACACCCCCAA,915
TACTAAGTAAA,916
TACTTTAAGCA,917
TAGATGTCATA,918
TAGCAACAGAA,919
TAGCAACAGGA,920
TAGCAACGGAA,921
TAGCAACGGGA,922
TAGCACTTTAA,923
TAGCACTTTGA,924
TAGTACTTTAA,925
TAGTGATATGA,926
TATAAAGCTGA,927
TATAAAGTTGA,928
TATAAATTTAA,929
TATACTCTTAA,930
TATAGCTTAAA,931
TATATATGCAA,932
TATATATTACA,933
TATATTACAAA,934
TATCAACTTCA,935
TATCAACTTGA,936
TATCAAGTTGA,937
TATGAACTTCA,938
TATGAAGTTCA,939
TATTACTTAAA,940
TATTCGTAAAA,941
TCAAAATTAAA,942
TCAAAATTAGA,943
TCAACGAACAA,944
TCACAGCGCCA,945
TCCGTTGCTAA,946
TCCGTTGGCGA,947
TCGCCAACAAA,948
TCGCCAACGAA,949
TCTGTTGCTAA,950
TGAAAACTGCA,951
TGAAAATTGCA,952
TGATAGATTAA,953
TGCTCTCCCAA,954
TGTAATATAAA,955
TGTAATATACA,956
TGTTGCTAAAA,957
TGTTGCTTAAA,958
TTAAGCTATAA,959
TTAATTTTGAA,960
TTATATTACAA,961
TTCATAAAGAA,962
TTCGTAAAGAA,963
TTGCAAGGCAA,964
GGTTCGTTTTT,965
CAAACCTTTTT,966
GATAACTTTTT,967
GTGCTATTTTT,968
TGATAATTTTT,969
GGGTTCGTTTT,970
GTGCTAGTTTT,971
TATGCAGTTTT,972
TCAAACCTTTT,973
GTGCTACTTTT,974
TTAGCACTTTT,975
CTAGCACTTTT,976
TGATAACTTTT,977
AGTGCTATTTT,978
TGTTTAATTTT,979
GTTCTAATTTT,980
GTGCTAATTTT,981
TTGATAATTTT,982
TCGATAATTTT,983
TCAATAATTTT,984
TATGCAATTTT,985
GAAGTTTGTTT,986
GCCTACTGTTT,987
ACCTACTGTTT,988
TAAAAAGGTTT,989
AGGGTTCGTTT,990
AGTGCTAGTTT,991
GTGTTCAGTTT,992
GCGTTCAGTTT,993
GCGCTCAGTTT,994
ATATGCAGTTT,995
ATGTGAAGTTT,996
GAAAGTTCTTT,997
CTTAAATCTTT,998
CGCTGTGCTTT,999
TGCCGTGCTTT,1000
CGCCGTGCTTT,1001
CGACGTGCTTT,1002
ATACAGGCTTT,1003
TTATCAGCTTT,1004
ATACAAGCTTT,1005
ATCAAACCTTT,1006
GTTAGTACTTT,1007
AGTGCTACTTT,1008
TGATAGACTTT,1009
TTTAGCACTTT,1010
GTTAGCACTTT,1011
ATTAGCACTTT,1012
AGTAGCACTTT,1013
ACTAGCACTTT,1014
AATAGCACTTT,1015
TTGATAACTTT,1016
CTGATAACTTT,1017
TTACGAACTTT,1018
TAAAGAACTTT,1019
TTATCAACTTT,1020
AAGTGCTATTT,1021
TATATATATTT,1022
CATATATATTT,1023
ACTTCATATTT,1024
ATCTTTGATTT,1025
CAACGTGATTT,1026
CAACTGGATTT,1027
CAGCGGGATTT,1028
CAACGGGATTT,1029
CAACAGGATTT,1030
ATCAAAGATTT,1031
CTCCACCATTT,1032
CTGTTTAATTT,1033
ACATCTAATTT,1034
AGTGCTAATTT,1035
TTTGATAATTT,1036
CTTGATAATTT,1037
TTCGATAATTT,1038
TTCAATAATTT,1039
CAACGGAATTT,1040
CAACAGAATTT,1041
ATATGCAATTT,1042
AGCTTAAATTT,1043
TGTATAAATTT,1044
GTTTGTTTGTT,1045
TGAAGTTTGTT,1046
ATTTATTTGTT,1047
CGAAGGTTGTT,1048
CTTTGTGTGTT,1049
CGCTGTGTGTT,1050
TCACATGTGTT,1051
TTTATTCTGTT,1052
TAAATTCTGTT,1053
TTTATCCTGTT,1054
TAAATCCTGTT,1055
TGCCTACTGTT,1056
TACCTACTGTT,1057
TTTTGAGGGTT,1058
ATACGAAGGTT,1059
TTAAAAAGGTT,1060
GGTTGTTCGTT,1061
GAGGGTTCGTT,1062
ATTTATTCGTT,1063
CTTTGTGCGTT,1064
CGTTGTGCGTT,1065
CGCTGTGCGTT,1066
CGTGGTGCGTT,1067
CGCCGTGCGTT,1068
TCACATGCGTT,1069
TCGTTGGCGTT,1070
TTTATTCCGTT,1071
ATTATTCCGTT,1072
TAAATTCCGTT,1073
ATTTATCCGTT,1074
TAAATCCCGTT,1075
TAAATCACGTT,1076
AAGTGCTAGTT,1077
GGTCAGGAGTT,1078
TGTGTTCAGTT,1079
TGCGTTCAGTT,1080
TGCGCTCAGTT,1081
GTAGCTCAGTT,1082
TATATGCAGTT,1083
TAAATCCAGTT,1084
TTATTGAAGTT,1085
CATGTGAAGTT,1086
AATATGAAGTT,1087
TTATCGAAGTT,1088
ATTATCAAGTT,1089
TATATAAAGTT,1090
TTTTGAAAGTT,1091
TTTAGAAAGTT,1092
TTTTAAAAGTT,1093
TTTAAAAAGTT,1094
TGAAAGTTCTT,1095
AGTAGCCTCTT,1096
AATATACTCTT,1097
GGAATAATCTT,1098
ACTTAAATCTT,1099
TTCTGTTGCTT,1100
TCCTGTTGCTT,1101
TTCCGTTGCTT,1102
TCCCGTTGCTT,1103
TCACGTTGCTT,1104
TCCAGTTGCTT,1105
ACCCCTTGCTT,1106
GCGCTGTGCTT,1107
GTGCCGTGCTT,1108
GCGCCGTGCTT,1109
GCGACGTGCTT,1110
TATACAGGCTT,1111
ACTTATAGCTT,1112
GTTGATAGCTT,1113
GTTATCAGCTT,1114
TATACAAGCTT,1115
GCACAAAGCTT,1116
ACACAAAGCTT,1117
TAATTCTCCTT,1118
CAATTCTCCTT,1119
GCACTTGCCTT,1120
CCTGACCCCTT,1121
CGAACAACCTT,1122
TATCAAACCTT,1123
TTGATTTACTT,1124
TTCCGTTACTT,1125
GTATATTACTT,1126
CGTTAGTACTT,1127
AAGTGCTACTT,1128
TTGATAGACTT,1129
ACAATGCACTT,1130
TTTTAGCACTT,1131
CTTTAGCACTT,1132
TGTTAGCACTT,1133
CGTTAGCACTT,1134
CATTAGCACTT,1135
AATTAGCACTT,1136
GGAGAGCACTT,1137
GTTGATAACTT,1138
GCTGATAACTT,1139
TTTATGAACTT,1140
TTTACGAACTT,1141
GTAAAGAACTT,1142
ATAAAGAACTT,1143
GTTATCAACTT,1144
TCTATCAACTT,1145
GCTATCAACTT,1146
CAAACAAACTT,1147
TTCAGTTTATT,1148
CTCAGTTTATT,1149
CGGGATTTATT,1150
CAGGATTTATT,1151
CGGAATTTATT,1152
CAGAATTTATT,1153
CTCAGATTATT,1154
CTAAGATTATT,1155
TTAAAATTATT,1156
ACCTTCGTATT,1157
TTTTGAGTATT,1158
AGCTTTATATT,1159
CTTTGTATATT,1160
CTTTATATATT,1161
ATATATATATT,1162
GCATATATATT,1163
AATCTTTGATT,1164
GCAACGTGATT,1165
GCAACTGGATT,1166
GCAGCGGGATT,1167
GCAACGGGATT,1168
GCAACAGGATT,1169
TTTGATAGATT,1170
TCACTCAGATT,1171
TCACTAAGATT,1172
CGCTGTGCATT,1173
CGTGGTGCATT,1174
ATAAGTGCATT,1175
TTTTGAGCATT,1176
TCTCCACCATT,1177
ACTGTTTAATT,1178
AGTAGGTAATT,1179
GACATCTAATT,1180
ACTTGATAATT,1181
CTTCGATAATT,1182
CTTCAATAATT,1183
CGCTGTGAATT,1184
GCAACGGAATT,1185
GCAACAGAATT,1186
TATATGCAATT,1187
AGTAGGCAATT,1188
TAGCTTAAATT,1189
TTGTATAAATT,1190
CTGTATAAATT,1191
ACGAATAAATT,1192
TATTACAAATT,1193
TTTTTAAAATT,1194
CTTTTAAAATT,1195
TTTCTAAAATT,1196
CTTTGAAAATT,1197
CTTTCAAAATT,1198
TGCTCAAAATT,1199
CCCTCAAAATT,1200
TACTCAAAATT,1201
TTTTAAAAATT,1202
AGTTTGTTTGT,1203
GTGAAGTTTGT,1204
ACAGGCTTTGT,1205
ATCAGCTTTGT,1206
ACAAGCTTTGT,1207
ATCTAATTTGT,1208
ACGAAGGTTGT,1209
GTTGGCGTTGT,1210
GCTTTGTGTGT,1211
GCGCTGTGTGT,1212
TGGCGCTGTGT,1213
TTCACATGTGT,1214
TTTGGGGGTGT,1215
TATGGGGGTGT,1216
GTTTATTCTGT,1217
ATAAATTCTGT,1218
GTTGGCGCTGT,1219
GTTTATCCTGT,1220
ATAAATCCTGT,1221
TTGCCTACTGT,1222
TTACCTACTGT,1223
TGAGCGCATGT,1224
TGAACGCATGT,1225
ACTTCACATGT,1226
TGAACACATGT,1227
TATTCGTTGGT,1228
GTTGACGTGGT,1229
TCTTAAATGGT,1230
TATTTGGGGGT,1231
TATATGGGGGT,1232
ATTTTGAGGGT,1233
GTTAAAAAGGT,1234
ATTAAAAAGGT,1235
AGGTTGTTCGT,1236
TGAGGGTTCGT,1237
ATAAAGTTCGT,1238
GATTTATTCGT,1239
TGAGTATTCGT,1240
TGAGCATTCGT,1241
GCTTTGTGCGT,1242
GCGTTGTGCGT,1243
GCGCTGTGCGT,1244
ACGTGGTGCGT,1245
GCGCCGTGCGT,1246
TTCACATGCGT,1247
TTCGTTGGCGT,1248
GTTTATTCCGT,1249
GATTATTCCGT,1250
ATAAATTCCGT,1251
GATTTATCCGT,1252
GTTGGTGCCGT,1253
GTTGGCGCCGT,1254
GTTAGCGCCGT,1255
ATAAATCCCGT,1256
TTCGTTGACGT,1257
GTTGGCGACGT,1258
ATAAATCACGT,1259
CTAAAGCACGT,1260
ATGCACCACGT,1261
TTAAGCAACGT,1262
ATATATTTAGT,1263
GGTGCGTTAGT,1264
ATAATCTTAGT,1265
ATTTACTTAGT,1266
TATTTTTGAGT,1267
TAGTTTTGAGT,1268
TACTTTTGAGT,1269
TAATTTTGAGT,1270
ATAATCTGAGT,1271
GGGTCAGGAGT,1272
ATGAGGAGAGT,1273
CATTTAAGAGT,1274
ATGTGTTCAGT,1275
ATGCGTTCAGT,1276
ATGCGCTCAGT,1277
TGTAGCTCAGT,1278
ATATATGCAGT,1279
ATAAATCCAGT,1280
GCACTTTAAGT,1281
GGCTACTAAGT,1282
ATTATTGAAGT,1283
GCATGTGAAGT,1284
ATTATCGAAGT,1285
GCAAGGCAAGT,1286
TTGCTTAAAGT,1287
CTGCTTAAAGT,1288
TTACTTAAAGT,1289
TAGATTAAAGT,1290
ATATATAAAGT,1291
ATTTTGAAAGT,1292
TTTTAGAAAGT,1293
GTTTTCAAAGT,1294
ATTTTCAAAGT,1295
TTTTTAAAAGT,1296
ATTTTAAAAGT,1297
TGCTTAAAAGT,1298
TTGCTAAAAGT,1299
GTGCTAAAAGT,1300
TACTCAAAAGT,1301
TTTTAAAAAGT,1302
GATAACTTTCT,1303
TTGAAAGTTCT,1304
TGATAGCTTCT,1305
CAGTTTATTCT,1306
TAGGTAATTCT,1307
TAGGCAATTCT,1308
GAATAAATTCT,1309
GATTAAAGTCT,1310
GCAAGTGCTCT,1311
TAGTAGCCTCT,1312
TAATATACTCT,1313
AGTTCGACTCT,1314
TCTCCTCATCT,1315
ATATGACATCT,1316
GACTTTAATCT,1317
GCTTCTAATCT,1318
CGGAATAATCT,1319
TACTTAAATCT,1320
ATTCTGTTGCT,1321
ATCCTGTTGCT,1322
ATTCCGTTGCT,1323
ATCCCGTTGCT,1324
ATCACGTTGCT,1325
ATCCAGTTGCT,1326
GACCCCTTGCT,1327
GGCGCTGTGCT,1328
GGTGCCGTGCT,1329
GGCGCCGTGCT,1330
AGCGCCGTGCT,1331
GGCGACGTGCT,1332
AGGCAAGTGCT,1333
CTTAAAGTGCT,1334
TTCAAAGTGCT,1335
TTAAAAGTGCT,1336
CTAAAAGTGCT,1337
ATCCCGCTGCT,1338
TTACGAATGCT,1339
TGTAAGAGGCT,1340
TTATACAGGCT,1341
TCACATGCGCT,1342
TTGTTGGCGCT,1343
TCGTTGGCGCT,1344
CCGTTGGCGCT,1345
TAAATCCCGCT,1346
GGGGTGTAGCT,1347
CACTTATAGCT,1348
AGTTGATAGCT,1349
CCAACTGAGCT,1350
AGTTATCAGCT,1351
GATTAGAAGCT,1352
TTATACAAGCT,1353
TATATAAAGCT,1354
TATACAAAGCT,1355
CGCACAAAGCT,1356
CACACAAAGCT,1357
GTAATTCTCCT,1358
GCAATTCTCCT,1359
TCGACTCTCCT,1360
GTCGAACTCCT,1361
CAGTTTATCCT,1362
GAGAATTGCCT,1363
CTTAGTAGCCT,1364
GCACAAAGCCT,1365
TCCTGACCCCT,1366
GAGAATTACCT,1367
CTATCAAACCT,1368
TTTGATTTACT,1369
ATTCCGTTACT,1370
AGTATATTACT,1371
GCGTTAGTACT,1372
CTTAAAGTACT,1373
TTACGAATACT,1374
GGAGTTCGACT,1375
GTTGATAGACT,1376
TCGTATTCACT,1377
GTCATATCACT,1378
TACAATGCACT,1379
CTTTTAGCACT,1380
GCTTTAGCACT,1381
GTGTTAGCACT,1382
GCGTTAGCACT,1383
GCATTAGCACT,1384
GAATTAGCACT,1385
GGGAGAGCACT,1386
AGTTGATAACT,1387
CTTTATGAACT,1388
CTTTACGAACT,1389
CGTAAAGAACT,1390
CATAAAGAACT,1391
GTCTATCAACT,1392
TTTAAGCAACT,1393
CTCTCCCAACT,1394
CAGGATAAACT,1395
CGGAATAAACT,1396
CAGAATAAACT,1397
CTTTGAAAACT,1398
TACTCAAAACT,1399
GTTCAGTTTAT,1400
GCTCAGTTTAT,1401
ATCAGCTTTAT,1402
ATCAACTTTAT,1403
GCGGGATTTAT,1404
CTTAAATTTAT,1405
TAGAAAGTTAT,1406
TTAAAAGTTAT,1407
TAAAAAGTTAT,1408
TTTAAAATTAT,1409
TCTAAAATTAT,1410
TTAAAAATTAT,1411
CAGCTTTGTAT,1412
TTTTTGAGTAT,1413
GTTTTGAGTAT,1414
CTTTTGAGTAT,1415
ATTTTGAGTAT,1416
TTTAAGAGTAT,1417
TTAAAGTCTAT,1418
CTTTAATCTAT,1419
TTCTAATCTAT,1420
TAAAGTGCTAT,1421
ATTTAAGCTAT,1422
TTAGAAGCTAT,1423
CAGCTTTATAT,1424
GAACTTTATAT,1425
CAACTTTATAT,1426
GCTTTGTATAT,1427
TAAGAGTATAT,1428
GCTTTATATAT,1429
CATATATATAT,1430
TGCATATATAT,1431
TAAATATATAT,1432
ATTGCATATAT,1433
CCCCCATATAT,1434
TTGTAATATAT,1435
TTTAGTGATAT,1436
GAACTTCATAT,1437
CACCCCCATAT,1438
ATTTGTAATAT,1439
TTAAGTAATAT,1440
TCACTAAATAT,1441
CCCCCAAATAT,1442
TTGAAGTTGAT,1443
TCGAAGTTGAT,1444
ATCAAGTTGAT,1445
TATTTAGTGAT,1446
CGCCAACGGAT,1447
TCAACTTCGAT,1448
GTTTGATAGAT,1449
ATGGTGGAGAT,1450
TTCACTCAGAT,1451
TTCACTAAGAT,1452
ATGAAGTTCAT,1453
TTAGATGTCAT,1454
GAAAATTGCAT,1455
GCGCTGTGCAT,1456
TATAAGTGCAT,1457
GAAAACTGCAT,1458
ATTTTGAGCAT,1459
TACACCCCCAT,1460
TGATATGACAT,1461
TACTGTTTAAT,1462
TAGACTTTAAT,1463
TAATTTGTAAT,1464
CAGTAGGTAAT,1465
ATTTAAGTAAT,1466
TAGCTTCTAAT,1467
TGACATCTAAT,1468
GCGCTGTGAAT,1469
TCTTAGTGAAT,1470
TCTGAGTGAAT,1471
TTTTTACGAAT,1472
CGCTAACGAAT,1473
CGCCAACGAAT,1474
CACCAACGAAT,1475
TCAACTTCAAT,1476
CAGTAGGCAAT,1477
CCTCTTACAAT,1478
TACTCTTAAAT,1479
TATCACTAAAT,1480
CTTGTATAAAT,1481
CCTGTATAAAT,1482
CACCCCCAAAT,1483
CGCCAACAAAT,1484
CTTTTTAAAAT,1485
CTTTCTAAAAT,1486
CTTTTAAAAAT,1487
TACTCAAAAAT,1488
TGCTATTTTTG,1489
TGCTAGTTTTG,1490
TGCTACTTTTG,1491
GTTTAATTTTG,1492
TTCTAATTTTG,1493
TGCTAATTTTG,1494
TGTGAAGTTTG,1495
TTAAATCTTTG,1496
TACAGGCTTTG,1497
TATCAGCTTTG,1498
TACAAGCTTTG,1499
TTAGCACTTTG,1500
CTTCATATTTG,1501
CATCTAATTTG,1502
TTTGTTTGTTG,1503
TTTATTTGTTG,1504
TTATTCTGTTG,1505
TTATCCTGTTG,1506
TACGAAGGTTG,1507
GTTGTTCGTTG,1508
TTTATTCGTTG,1509
CGTTGGCGTTG,1510
TTATTCCGTTG,1511
TTTATCCGTTG,1512
TAGCTCAGTTG,1513
TATTGAAGTTG,1514
TATCGAAGTTG,1515
TTATCAAGTTG,1516
CCCCTTGCTTG,1517
CACAAAGCTTG,1518
CACTTGCCTTG,1519
CTGACCCCTTG,1520
GAGAGCACTTG,1521
CTATCAACTTG,1522
TAAAATTATTG,1523
TAAGTGCATTG,1524
TTTGAAAATTG,1525
CAGGCTTTGTG,1526
TTGGCGTTGTG,1527
GGCGCTGTGTG,1528
TTGGCGCTGTG,1529
GAGCGCATGTG,1530
GAACGCATGTG,1531
CTTCACATGTG,1532
GAACACATGTG,1533
TTGACGTGGTG,1534
CTTAAATGGTG,1535
TTGGTGCCGTG,1536
TTGGCGCCGTG,1537
TTAGCGCCGTG,1538
TCGTTGACGTG,1539
TTGGCGACGTG,1540
TAAGCAACGTG,1541
TATATTTAGTG,1542
TAATCTTAGTG,1543
TAATCTGAGTG,1544
TGCTTAAAGTG,1545
TACTTAAAGTG,1546
TTTTCAAAGTG,1547
GCTTAAAAGTG,1548
TGCTAAAAGTG,1549
GGAATAATCTG,1550
TGTTGGCGCTG,1551
CGTTGGCGCTG,1552
TCGAACTCCTG,1553
TTAAGCAACTG,1554
TCTCCCAACTG,1555
GGAATAAACTG,1556
TTTGAAAACTG,1557
CTTTATATATG,1558
TTAGTGATATG,1559
CCCCAAATATG,1560
TGGTGGAGATG,1561
CTGAGCGCATG,1562
CTGAACGCATG,1563
CTGAACACATG,1564
TTTTACGAATG,1565
CTCTTACAATG,1566
TTCATATTTGG,1567
TTGTTTGTTGG,1568
TTATTTGTTGG,1569
TTATTCGTTGG,1570
TTATCCGTTGG,1571
TTAAATGGTGG,1572
CGTTGACGTGG,1573
TAAGCAACTGG,1574
TTTATATATGG,1575
CTCTTAAATGG,1576
TCATATTTGGG,1577
GCTCAGTTGGG,1578
TTATATATGGG,1579
TATATATGGGG,1580
TTAGCAACGGG,1581
TAAGCAACGGG,1582
GCAAGCAAGGG,1583
CTAACGCACGG,1584
CTAAAGCACGG,1585
TTAAGTAACGG,1586
TTTAGCAACGG,1587
TTAAGCAACGG,1588
GTCGCCAACGG,1589
GGCGCCAACGG,1590
TAAACAGTAGG,1591
TAATTTTGAGG,1592
TGGAGATGAGG,1593
TTAGCAACAGG,1594
TAAGCAACAGG,1595
GAATACGAAGG,1596
TGCTTGCAAGG,1597
TGCAAGCAAGG,1598
TTGAGGGTTCG,1599
TCAGGAGTTCG,1600
TATAAAGTTCG,1601
TATCAACTTCG,1602
GGATTTATTCG,1603
GAATTTATTCG,1604
TTGAGTATTCG,1605
TTGAGCATTCG,1606
GAGGAGAGTCG,1607
TAAAATTATCG,1608
GGCTTTGTGCG,1609
GGCGTTGTGCG,1610
GGCGCTGTGCG,1611
GACGTGGTGCG,1612
GGCGCCGTGCG,1613
CTTCACATGCG,1614
GTTTGTTGGCG,1615
TAAACTGAGCG,1616
TGATTTATCCG,1617
GGATTTATCCG,1618
CGTTGGTGCCG,1619
TGTTGGCGCCG,1620
CGTTGGCGCCG,1621
CGTTAGCGCCG,1622
GATAAATCCCG,1623
TCGTTTTTACG,1624
TAGTGAATACG,1625
GAGTGAATACG,1626
GTTCGTTGACG,1627
TGTTGGCGACG,1628
CGTTGGCGACG,1629
GATAAATCACG,1630
GCTAACGCACG,1631
GCTAAAGCACG,1632
TTTAAGTAACG,1633
TAAACTGAACG,1634
TTTTAGCAACG,1635
TTTAAGCAACG,1636
TCGTAAAAACG,1637
GATAATTTTAG,1638
CTGTGCTTTAG,1639
TATATATTTAG,1640
TTGTGTGTTAG,1641
CTGTGTGTTAG,1642
TTATTCGTTAG,1643
TTGTGCGTTAG,1644
CTGTGCGTTAG,1645
TGGTGCGTTAG,1646
GATTTACTTAG,1647
TGATAGATTAG,1648
CTGTGCATTAG,1649
TGGTGCATTAG,1650
CTGTGAATTAG,1651
TTACAAATTAG,1652
CTCAAAATTAG,1653
TGGGGGTGTAG,1654
TTACTTAGTAG,1655
TTAAACAGTAG,1656
CTCAAAAGTAG,1657
TAAAGTGCTAG,1658
CTCAAAACTAG,1659
TGCACTTATAG,1660
GAAGTTGATAG,1661
CTCAAAAATAG,1662
TTAATTTTGAG,1663
TCCCAACTGAG,1664
GTGGAGATGAG,1665
TCAGTTGGGAG,1666
GAGATGAGGAG,1667
GGGGTCAGGAG,1668
GATGAGGAGAG,1669
GTGTAGCTCAG,1670
TATTCACTCAG,1671
TATATATGCAG,1672
GATAAATCCAG,1673
TTTAGCAACAG,1674
TTAAGCAACAG,1675
GCACTTTTAAG,1676
TGCATTGTAAG,1677
TATTCACTAAG,1678
TAAGCTATAAG,1679
TGAATACGAAG,1680
TAGATTAGAAG,1681
TTGCTTGCAAG,1682
TGCCTTGCAAG,1683
TGCAAGGCAAG,1684
TTGCAAGCAAG,1685
GTTGCTTAAAG,1686
GCTGCTTAAAG,1687
GTTACTTAAAG,1688
GTAATATAAAG,1689
GTAAATCAAAG,1690
TTGCTTAAAAG,1691
GTTGCTAAAAG,1692
TGATAACTTTC,1693
GAAGGTTGTTC,1694
TTTGAGGGTTC,1695
GTCAGGAGTTC,1696
TTTGAAAGTTC,1697
TTGATAGCTTC,1698
TTATGAACTTC,1699
TCAGTTTATTC,1700
GGGATTTATTC,1701
GGAATTTATTC,1702
TCAGATTATTC,1703
TAAGATTATTC,1704
TTTGAGTATTC,1705
TTTGAGCATTC,1706
GTAGGTAATTC,1707
GTAGGCAATTC,1708
TAAAGCACGTC,1709
TGCACCACGTC,1710
TGAGGAGAGTC,1711
GTTCGACTCTC,1712
GGCAAGTGCTC,1713
TACGAATGCTC,1714
GGGTGTAGCTC,1715
TTAGTAGCCTC,1716
GTAATATACTC,1717
TACGAATACTC,1718
GAGTTCGACTC,1719
TTCAGTTTATC,1720
TAAAAGTTATC,1721
TTAAAATTATC,1722
TAAAAATTATC,1723
TAAAGTCTATC,1724
TTTAATCTATC,1725
TCTAATCTATC,1726
TAGAAGCTATC,1727
GATGTCATATC,1728
TTACTTAAATC,1729
TATTCTGTTGC,1730
TATCCTGTTGC,1731
TATTCCGTTGC,1732
TGACCCCTTGC,1733
TTGAAAATTGC,1734
TGGCGTTGTGC,1735
TGGCGCTGTGC,1736
TTCGTTGGTGC,1737
TGACGTGGTGC,1738
TGGTGCCGTGC,1739
TGGCGCCGTGC,1740
TAGCGCCGTGC,1741
TGGCGACGTGC,1742
GCTATAAGTGC,1743
GCTTAAAGTGC,1744
TTTCAAAGTGC,1745
GCTAAAAGTGC,1746
TTGAAAACTGC,1747
TATATATATGC,1748
TTTACGAATGC,1749
TCTTACAATGC,1750
TGTTTGTTGGC,1751
TATTTGTTGGC,1752
TATTCGTTGGC,1753
TATCCGTTGGC,1754
TAACGCACGGC,1755
TAAAGCACGGC,1756
TTGTAAGAGGC,1757
TTTATACAGGC,1758
GCTTGCAAGGC,1759
TTCACATGCGC,1760
TTTGTTGGCGC,1761
TTCGTTGGCGC,1762
TCCGTTGGCGC,1763
TTCGTTAGCGC,1764
TGTGCTTTAGC,1765
TGTGTGTTAGC,1766
TATTCGTTAGC,1767
TGTGCGTTAGC,1768
GGTGCGTTAGC,1769
TGTGCATTAGC,1770
GGTGCATTAGC,1771
TGTGAATTAGC,1772
TCAAAATTAGC,1773
GGGGGTGTAGC,1774
TACTTAGTAGC,1775
TCAAAAGTAGC,1776
TCAAAACTAGC,1777
TCAAAAATAGC,1778
TAATTTTGAGC,1779
GTTGGGAGAGC,1780
TAATTCACAGC,1781
TAATGCACAGC,1782
TAACGCACAGC,1783
TAAAGCACAGC,1784
TAACACACAGC,1785
GTACTTTAAGC,1786
TAAATTTAAGC,1787
TTTATACAAGC,1788
TAATATAAAGC,1789
GGTAATTCTCC,1790
GGCAATTCTCC,1791
TTCGACTCTCC,1792
TCCTCATCTCC,1793
TCAGTTTATCC,1794
GTGATTTATCC,1795
TGGATTTATCC,1796
GGGATTTATCC,1797
TCGTTGGTGCC,1798
TTGTTGGCGCC,1799
TCGTTGGCGCC,1800
TCGTTAGCGCC,1801
TTCACAGCGCC,1802
TGCACAGCGCC,1803
TCATCTCCACC,1804
TGAGCTACACC,1805
TCTATCAAACC,1806
TTCGTTTTTAC,1807
TATTCCGTTAC,1808
TAGCCTCTTAC,1809
TTGTATATTAC,1810
TTATATATTAC,1811
TGCGTTAGTAC,1812
TAAAGTGCTAC,1813
TAAGAGGCTAC,1814
TAAATTTATAC,1815
TTGTAATATAC,1816
TTAGTGAATAC,1817
TGAGTGAATAC,1818
TTTACGAATAC,1819
TGTTCGTTGAC,1820
TTGTTGGCGAC,1821
TCGTTGGCGAC,1822
TTCGTATTCAC,1823
TGCTAATTCAC,1824
TGTCATATCAC,1825
TGCTAATGCAC,1826
TTACAATGCAC,1827
TGCTAACGCAC,1828
TACTAACGCAC,1829
TGCTTTAGCAC,1830
TGTGTTAGCAC,1831
TGCGTTAGCAC,1832
TGCATTAGCAC,1833
TGAATTAGCAC,1834
TGGGAGAGCAC,1835
TGCTAAAGCAC,1836
TAATGCACCAC,1837
TAACGCACCAC,1838
TGCTAACACAC,1839
TCTTTATGAAC,1840
TCTTTACGAAC,1841
TAAAAACGAAC,1842
TCGTAAAGAAC,1843
TCATAAAGAAC,1844
TTTTAAGCAAC,1845
TAACGCACAAC,1846
TTCGTAAAAAC,1847
TAGCACTTTTA,1848
TGATAATTTTA,1849
TGTTCAGTTTA,1850
TATCAGCTTTA,1851
TTAGTACTTTA,1852
TTAGCACTTTA,1853
TACGAACTTTA,1854
TATCAACTTTA,1855
TCTTTGATTTA,1856
TCAAAGATTTA,1857
TCCACCATTTA,1858
TTTGTGTGTTA,1859
TTTATTCGTTA,1860
TTTGTGCGTTA,1861
TTATTCCGTTA,1862
TTAGAAAGTTA,1863
TTTAAAAGTTA,1864
TTAAAAAGTTA,1865
TCTGTTGCTTA,1866
TCCGTTGCTTA,1867
TGATTTACTTA,1868
TCCGTTACTTA,1869
TATATTACTTA,1870
TTTGTATATTA,1871
TTTATATATTA,1872
TTGATAGATTA,1873
TTTTAAAATTA,1874
TTCTAAAATTA,1875
TTTCAAAATTA,1876
TTTAAAAATTA,1877
TCAGCTTTGTA,1878
TCTAATTTGTA,1879
TTGGGGGTGTA,1880
TTTACTTAGTA,1881
TGCTTAAAGTA,1882
TATGACATCTA,1883
TTCTGTTGCTA,1884
TCCTGTTGCTA,1885
TTCCGTTGCTA,1886
TCCCGTTGCTA,1887
TTAAAGTGCTA,1888
TCAAAGTGCTA,1889
TTAAAGTACTA,1890
TCATATCACTA,1891
TCAGCTTTATA,1892
TCAACTTTATA,1893
TTAAATTTATA,1894
TTAAGAGTATA,1895
TTTAAGCTATA,1896
TTGCATATATA,1897
TGTAATATATA,1898
TTTGTAATATA,1899
TGAAGTTGATA,1900
TCAAGTTGATA,1901
TCAACTTGATA,1902
TGAAGTTCATA,1903
TGAACTTCATA,1904
TTTAAGTAATA,1905
TTTTACGAATA,1906
TTTAATTTTGA,1907
TCTAATTTTGA,1908
TTGTTCGTTGA,1909
TGGCGCTGTGA,1910
TTAGCAACGGA,1911
TCGCCAACGGA,1912
TTTGTTGGCGA,1913
TTCGTTGGCGA,1914
TTAGCAACAGA,1915
TGCAGTTTTCA,1916
TGCAATTTTCA,1917
TTAATCTATCA,1918
TTGGGAGAGCA,1919
TTTATATTACA,1920
TGTATATTACA,1921
TTTTAGCAACA,1922
TTTAAGCAACA,1923
TTATAGCTTAA,1924
TTCAAAATTAA,1925
TTGTAATATAA,1926
TTCTTTATGAA,1927
TTCTTTACGAA,1928
TTGCCTTGCAA,1929
